,reads,reads,sample_code,sample_code
header,PM10,PM2.5,PM10,PM2.5
name,,,,
Abiotrophia defectiva,0,95,0,2
Abyssicoccus albus,27,0,1,0
Acanthaster planci,39,0,1,0
Acaricomes phytoseiuli,0,57,0,1
Acer yangbiense,41,0,1,0
Acetatifactor muris,0,26,0,1
Achromobacter xylosoxidans,0,29,0,1
Acidaminococcus fermentans,33,0,1,0
Acidobacteria bacterium ADurb.Bin051,26,0,1,0
Acidovorax antarcticus,0,31,0,1
Acidovorax anthurii,25,0,1,0
Acinetobacter junii,0,52,0,2
Acinetobacter pittii,0,27,0,1
Actinobacteria bacterium 69-20,31,0,1,0
Actinobacteria bacterium HGW-Actinobacteria-7,29,0,1,0
Actinobaculum sp. oral taxon 183,0,31,0,1
Actinocorallia herbida,34,0,1,0
Actinocrispum wychmicini,0,93,0,2
Actinokineospora auranticolor,0,30,0,1
Actinokineospora pegani,0,30,0,1
Actinomadura bangladeshensis,30,0,1,0
Actinomadura coerulea,0,86,0,2
Actinomadura craniellae,29,0,1,0
Actinomadura rudentiformis,0,30,0,1
Actinomadura sp. 6K520,0,26,0,1
Actinomadura sp. K4S16,0,27,0,1
Actinomadura sp. WMMB 499,26,0,1,0
Actinomadura viridis,25,0,1,0
Actinomyces dentalis,0,112,0,2
Actinomyces israelii,0,29,0,1
Actinomyces massiliensis,0,274,0,2
Actinomyces naeslundii,0,130,0,2
Actinomyces oris,0,231,0,2
Actinomyces sp. oral taxon 170,0,62,0,2
Actinomycetales bacterium SN12,0,34,0,1
Actinomycetales bacterium mxb001,0,26,0,1
Actinoplanes atraurantiacus,0,55,0,2
Actinoplanes brasiliensis,27,0,1,0
Actinoplanes durhamensis,26,0,1,0
Actinoplanes missouriensis,25,0,1,0
Actinoplanes philippinensis,26,0,1,0
Actinoplanes rectilineatus,27,0,1,0
Actinoplanes sp. LAM7112,0,32,0,1
Actinoplanes sp. LDG1-01,0,31,0,1
Actinoplanes sp. N902-109,60,0,2,0
Actinoplanes sp. OR16,54,0,2,0
Actinoplanes subtropicus,31,0,1,0
Actinoplanes toevensis,0,56,0,2
Actinoplanes utahensis,37,0,1,0
Actinosynnema sp. ALI-1.44,0,34,0,1
Acyrthosiphon pisum,52,0,1,0
Advenella incenata,0,27,0,1
Aedes aegypti,31,0,1,0
Aedes albopictus,50,0,1,0
Aequorivita capsosiphonis,37,0,1,0
Aequorivita sp. H23M31,43,0,1,0
Aequorivita viscosa,31,0,1,0
Aeromicrobium camelliae,32,0,1,0
Aeromicrobium ginsengisoli,0,29,0,1
Aeromicrobium sp. Root236,29,0,1,0
Aeromonas caviae,0,33,0,1
Afifella pfennigii,0,25,0,1
Afipia massiliensis,0,25,0,1
Agaricus bisporus,0,27,0,1
Aggregatibacter aphrophilus,0,152,0,2
Agrobacterium sp. AGB01,25,0,1,0
Agromyces bauzanensis,29,0,1,0
Agromyces humi,61,0,2,0
Agromyces salentinus,27,0,1,0
Agromyces sp. H66,29,0,1,0
Akkermansia glycaniphila,0,45,0,1
Albibacterium bauzanense,28,0,1,0
Albidovulum inexpectatum,28,0,1,0
Albimonas donghaensis,28,0,1,0
Alcanivorax pacificus,0,28,0,1
Aleurochiton aceris,0,36,0,1
Algisphaera agarilytica,26,0,1,0
Aliarcobacter cryaerophilus,0,55,0,2
Alienimonas chondri,32,0,1,0
Aliidongia dinghuensis,0,33,0,1
Aliifodinibius sediminis,28,0,1,0
Alistipes sp. CHKCI003,0,37,0,1
Alistipes sp. CU970,0,28,0,1
Alistipes sp. Z76,0,69,0,1
Alkanindiges illinoisensis,0,25,0,1
Alloactinosynnema sp. L-07,25,0,1,0
Allobranchiibius sp. CTAmp26,26,0,1,0
Allocatelliglobosispora scoriae,0,63,0,2
Allokutzneria albata,0,61,0,2
Alloprevotella tannerae,0,58,0,2
Alphaproteobacteria bacterium ADurb.Bin100,26,0,1,0
Alphaproteobacteria bacterium HGW-Alphaproteobacteria-4,28,0,1,0
Alphaproteobacteria bacterium RIFCSPHIGHO2_12_FULL_66_14,0,40,0,1
Alphaproteobacteria bacterium TMED194,65,0,2,0
Alphaproteobacteria bacterium TMED199,26,0,1,0
Altererythrobacter epoxidivorans,29,0,1,0
Altererythrobacter estronivorus,0,54,0,2
Altererythrobacter sp. BO-6,30,0,1,0
Altererythrobacter sp. XM-24bin4,25,0,1,0
Altererythrobacter sp. ZODW24,29,0,1,0
Altererythrobacter spongiae,0,26,0,1
Altererythrobacter xiamenensis,32,0,1,0
Alteriqipengyuania lutimaris,0,32,0,1
Alternaria oxytropis,30,0,1,0
Alteromonas macleodii,80,0,2,0
Alteromonas mediterranea,116,0,2,0
Amorphus coralli,25,0,1,0
Amphibalanus amphitrite,58,0,1,0
Amycolatopsis acidicola,25,0,1,0
Amycolatopsis anabasis,30,0,1,0
Amycolatopsis antarctica,0,28,0,1
Amycolatopsis cihanbeyliensis,30,0,1,0
Amycolatopsis nigrescens,31,0,1,0
Amycolatopsis orientalis,0,27,0,1
Amycolatopsis sacchari,0,27,0,1
Amycolatopsis sp. 195334CR,0,29,0,1
Amycolatopsis sp. A23,0,28,0,1
Amycolatopsis sp. WAC 04182,0,61,0,1
Amycolatopsis sp. YIM 10,0,27,0,1
Amycolatopsis sp. YIM S01255,0,25,0,1
Amycolatopsis suaedae,0,27,0,1
Amycolatopsis taiwanensis,28,0,1,0
Amycolatopsis xylanica,36,0,1,0
Amyelois transitella,41,0,1,0
Anabarilius grahami,35,0,1,0
Anaerococcus prevotii,0,32,0,1
Anaerococcus provencensis,0,147,0,1
Anaerococcus sp. mt242,0,28,0,1
Anaerococcus urinomassiliensis,0,32,0,1
Anaerolinea sp. 'rifampicinis',0,26,0,1
Anaerolinea thermolimosa,26,0,1,0
Anaerolinea thermophila,31,0,1,0
Anaerotignum lactatifermentans,25,0,1,0
Anditalea andensis,28,0,1,0
Andreesenia angusta,29,0,1,0
Anopheles sinensis,34,0,1,0
Anoplophora glabripennis,107,0,1,0
Anthracocystis flocculosa,0,30,0,1
Antrihabitans sp. YC3-6,0,27,0,1
Antrihabitans stalactiti,25,0,1,0
Aotus nancymaae,0,60,0,2
Aphanothece hegewaldii,35,0,1,0
Apostichopus japonicus,33,0,1,0
Aquabacter cavernae,0,108,0,2
Aquabacter spiritensis,0,28,0,1
Aquabacterium parvum,0,49,0,1
Aquabacterium pictum,31,0,1,0
Aquabacterium tepidiphilum,26,0,1,0
Aquamicrobium lusatiense,0,29,0,1
Aquamicrobium sp. cd-1,0,25,0,1
Arctia plantaginis,49,0,1,0
Arcticibacter tournemirensis,31,0,1,0
Arenibacter sp. P308M17,0,37,0,1
Arenicella chitinivorans,40,0,1,0
Arenicella xantha,25,0,1,0
Arenimonas donghaensis,25,0,1,0
Arenimonas fontis,26,0,1,0
Arenimonas terrae,0,29,0,1
Argiope bruennichi,40,0,1,0
Arsenicitalea aurantiaca,54,0,2,0
Arsenophonus endosymbiont of Apis mellifera,31,0,1,0
Arthrobacter alpinus,32,0,1,0
Arthrobacter oryzae,33,0,1,0
Arthrobacter sp. AQ5-05,35,0,1,0
Arthrobacter sp. H41,25,0,1,0
Arthrobacter sp. HMWF013,26,0,1,0
Arthrobacter sp. Leaf137,46,0,1,0
Arthrobacter sp. Soil736,26,0,1,0
Arthrobacter sp. ZGTC131,30,0,1,0
Arthrobacter sp. ZGTC412,31,0,1,0
Arthrobacter yangruifuii,28,0,1,0
Asanoa iriomotensis,0,25,0,1
Asbolus verrucosus,118,0,1,0
Ascobolus immersus,26,0,1,0
Asparagus officinalis,0,25,0,1
Aspergillus calidoustus,0,57,0,2
Aspergillus indologenus,34,0,1,0
Aspergillus nanangensis,38,0,1,0
Aspergillus nidulans,30,0,1,0
Aspergillus niger,27,0,1,0
Aspergillus terreus,32,0,1,0
Asterias rubens,26,0,1,0
Aurantiacibacter atlanticus,27,0,1,0
Aurantiacibacter gangjinensis,28,0,1,0
Aurantiacibacter marinus,26,0,1,0
Aurantiacibacter rhizosphaerae,36,0,1,0
Aurantiacibacter xanthus,31,0,1,0
Aurantiacibacter zhengii,34,0,1,0
Aurantimonas aggregata,0,26,0,1
Aureimonas altamirensis,51,0,2,0
Aureimonas flava,0,44,0,1
Aureimonas frigidaquae,0,33,0,1
Aureimonas phyllosphaerae,0,29,0,1
Aureimonas sp. D3,0,30,0,1
Aureimonas sp. Leaf324,0,61,0,2
Aureimonas sp. ME7,27,0,1,0
Azoarcus communis,28,0,1,0
Azonexus hydrophilus,0,83,0,1
Azorhizobium doebereinerae,0,50,0,1
Azorhizobium oxalatiphilum,0,29,0,1
Azospira oryzae,0,29,0,1
Azospirillum halopraeferens,26,0,1,0
Azospirillum sp. SYSU D00513,26,0,1,0
Azospirillum sp. TSO22-1,34,0,1,0
Bacillus sp. HNG,25,0,1,0
Bacillus sp. MRMR6,26,0,1,0
Bacillus sp. OK085,25,0,1,0
Bacillus toyonensis,0,31,0,1
Bacteriophage sp.,0,36,0,1
Bacteroidales bacterium 6E,26,0,1,0
Bacteroides caecigallinarum,74,0,2,0
Bacteroides fragilis,25,0,1,0
Bacteroides pyogenes,39,0,1,0
Bacteroides thetaiotaomicron,0,25,0,1
Bacteroidetes bacterium ADurb.Bin013,31,0,1,0
Bacteroidetes bacterium ADurb.Bin145,27,0,1,0
Bacteroidetes bacterium ADurb.BinA012,0,25,0,1
Bacteroidetes bacterium ADurb.BinA104,0,40,0,1
Bacteroidetes bacterium HGW-Bacteroidetes-20,0,31,0,1
Bactrocera tryoni,109,0,1,0
Bariatricus massiliensis,35,0,1,0
Bartonella sp. HY038,0,40,0,1
Bartonella tamiae,0,26,0,1
Bellilinea caldifistulae,29,0,1,0
Belonocnema treatae,159,0,1,0
Bergeyella zoohelcum,26,0,1,0
Betaproteobacteria bacterium HGW-Betaproteobacteria-16,30,0,1,0
Betaproteobacteria bacterium RIFCSPLOWO2_12_FULL_68_19,26,0,1,0
Betaproteobacteria bacterium SG8_41,0,29,0,1
Bhargavaea beijingensis,26,0,1,0
Bhargavaea sp. CC-171006,52,0,1,0
Bilifractor porci,32,0,1,0
Blastomonas natatoria,0,43,0,1
Blautia sp. An81,29,0,1,0
Bosea lathyri,0,25,0,1
Bosea sp. AAP35,0,26,0,1
Bosea sp. OAE506,0,28,0,1
Bosea sp. Root381,0,66,0,2
Bosea vaviloviae,0,53,0,1
Botryobasidium botryosum,27,0,1,0
Bradymonas sediminis,49,0,1,0
Bradyrhizobium elkanii,0,25,0,1
Bradyrhizobium sp. ARR65,0,46,0,1
Bradyrhizobium sp. CCH5-F6,0,26,0,1
Bradyrhizobium sp. MOS002,108,0,3,0
Bradyrhizobium sp. SK17,0,25,0,1
Bradyrhizobium sp. URHD0069,0,26,0,1
Bradyrhizobium valentinum,0,63,0,2
Bradysia coprophila,37,0,1,0
Bradysia odoriphaga,30,0,1,0
Branchiibius hedensis,28,0,1,0
Brassica oleracea,29,0,1,0
Bremia lactucae,0,52,0,1
Brevibacterium ravenspurgense,0,36,0,1
Brevibacterium sp. Re57,0,126,0,1
Brevundimonas aurantiaca,0,36,0,1
Brevundimonas aveniformis,0,34,0,1
Brevundimonas bullata,0,37,0,1
Brevundimonas sp. M20,0,29,0,1
Brevundimonas sp. SH203,0,25,0,1
Brevundimonas vesicularis,0,37,0,1
Brucella melitensis,27,0,1,0
Burkholderiales bacterium PBB1,0,26,0,1
Butyrivibrio fibrisolvens,0,25,0,1
Byssochlamys spectabilis,25,0,1,0
Caenimonas sp. DR4.4,30,0,1,0
Caenispirillum bisanense,0,25,0,1
Callosobruchus maculatus,126,0,1,0
Camponotus floridanus,55,0,1,0
Campylobacter volucris,38,0,1,0
Candidatus Accumulibacter phosphatis,0,28,0,1
Candidatus Aminicenantes bacterium,34,0,1,0
Candidatus Dormibacteraeota bacterium,50,0,2,0
Candidatus Endolissoclinum sp. TMED37,431,0,3,0
Candidatus Flemingibacterium merdigallinarum,0,69,0,2
Candidatus Handelsmanbacteria bacterium RIFCSPLOWO2_12_FULL_64_10,28,0,1,0
Candidatus Marinimicrobia bacterium,31,0,1,0
Candidatus Nitrososphaera gargensis,30,0,1,0
Candidatus Pelagibacter ubique,68,0,2,0
Candidatus Puniceispirillum marinum,29,0,1,0
Candidatus Puniceispirillum sp. TMED52,34,0,1,0
Candidatus Rhodobacter lobularis,27,0,1,0
Candidatus Saccharibacteria bacterium 32-50-13,25,0,1,0
Candidatus Saccharibacteria bacterium 49-20,0,34,0,1
Candidatus Saccharimonas sp.,0,73,0,2
Candidatus Symbiopectobacterium sp. 'North America',0,156,0,1
Candidatus Tokpelaia sp.,0,34,0,1
Capitella teleta,25,0,1,0
Capnocytophaga sputigena,0,58,0,2
Capsicum annuum,33,0,1,0
Capsicum chinense,0,40,0,1
Carnobacterium inhibens,25,0,1,0
Carnobacterium maltaromaticum,0,42,0,1
Carnobacterium mobile,44,0,1,0
Caryophanon tenue,0,38,0,1
Catelliglobosispora koreensis,27,0,1,0
Caudovirales sp.,29,0,1,0
Caulobacter mirabilis,0,46,0,1
Caulobacter vibrioides,0,37,0,1
Caulobacterales bacterium 32-69-10,60,0,2,0
Celeribacter halophilus,34,0,1,0
Cellulomonas citrea,0,54,0,2
Cellulomonas denverensis,26,0,1,0
Cellulomonas persica,26,0,1,0
Cellulomonas sp. HZM,0,28,0,1
Cellulomonas sp. Leaf395,0,27,0,1
Cellulomonas sp. NEAU-YY56,53,0,2,0
Cellulomonas sp. PhB143,0,25,0,1
Cellulomonas sp. Root485,0,29,0,1
Cellulomonas sp. Sa3CUA2,0,60,0,2
Cellulomonas terrae,26,0,1,0
Cellulosimicrobium arenosum,0,25,0,1
Cellvibrio polysaccharolyticus,26,0,1,0
Cellvibrio sp. OA-2007,0,61,0,1
Cellvibrio sp. PSBB006,54,0,2,0
Cellvibrionales bacterium TMED157,142,0,2,0
Cellvibrionales bacterium TMED79,147,0,2,0
Cerasibacillus quisquiliarum,0,33,0,1
Ceratina calcarata,70,0,1,0
Ceratitis capitata,33,0,1,0
Ceratosolen solmsi,72,0,1,0
Cercocebus atys,0,82,0,2
Cereibacter ovatus,30,0,1,0
Chelativorans sp. J32,0,28,0,1
Chelativorans sp. Marseille-P2723,25,0,1,0
Chelatococcus sp.,0,27,0,1
Chelonus insularis,100,0,1,0
Chilo suppressalis,51,0,1,0
Chionoecetes opilio,29,0,1,0
Chlamydiales bacterium 38-26,0,25,0,1
Chlorocebus sabaeus,0,91,0,2
Chloroflexi bacterium HGW-Chloroflexi-10,31,0,1,0
Chloroflexi bacterium RBG_16_58_14,25,0,1,0
Chloroflexi bacterium RBG_16_63_12,31,0,1,0
Chondromyces crocatus,26,0,1,0
Chromatiales bacterium (ex Bugula neritina AB1),37,0,1,0
Chroococcidiopsis sp. TS-821,28,0,1,0
Chryseobacterium arthrosphaerae,0,27,0,1
Chryseobacterium bernardetii,0,29,0,1
Chryseobacterium cucumeris,0,128,0,1
Chryseobacterium culicis,0,66,0,1
Chryseobacterium gleum,0,35,0,1
Chryseobacterium indologenes,0,77,0,2
Chryseobacterium lactis,0,53,0,1
Chryseobacterium sediminis,0,37,0,1
Chryseobacterium sp. AG363,0,26,0,1
Chryseobacterium sp. GCR10,29,0,1,0
Chryseobacterium sp. HMWF028,0,39,0,1
Chryseobacterium sp. KBW03,0,45,0,1
Chryseobacterium sp. ON_d1,0,42,0,1
Chryseobacterium sp. Tr-659,0,64,0,1
Chryseobacterium sp. YR480,0,27,0,1
Chryseobacterium viscerum,0,57,0,1
Chryseolinea flava,0,32,0,1
Chryseotalea sanaruensis,25,0,1,0
Chrysochromulina ericina virus,27,0,1,0
Chthonobacter rhizosphaerae,28,0,1,0
Cladophialophora yegresii,25,0,1,0
Cladosporium phlei,27,0,1,0
Cladosporium sp.,71,0,2,0
Cloacibacterium rupense,0,98,0,2
Clostridiales bacterium 52_15,43,0,1,0
Clostridiales bacterium 59_14,0,28,0,1
Clostridium celatum,28,0,1,0
Clostridium porci,0,29,0,1
Clostridium sp. Ade.TY,36,0,1,0
Clostridium sp. CAG:411,0,31,0,1
Clostridium sp. CAG:448,0,32,0,1
Clostridium sp. CAG:510,38,0,1,0
Clostridium sp. CAG:678,38,0,1,0
Clostridium sp. CAG:710,33,0,1,0
Clupea harengus,41,0,1,0
Coleophoma crateriformis,0,69,0,2
Colletotrichum chlorophyti,31,0,1,0
Colletotrichum higginsianum,38,0,1,0
Colletotrichum karsti,0,27,0,1
Collinsella aerofaciens,26,0,1,0
Colobus angolensis,0,92,0,2
Comamonas aquatica,0,30,0,1
Comamonas denitrificans,0,32,0,1
Compostibacillus humi,0,30,0,1
Conexibacter sp. Seoho-28,0,31,0,1
Conyzicola lurida,0,28,0,1
Coraliomargarita akajimensis,120,0,2,0
Coraliomargarita sinensis,121,0,2,0
Coraliomargarita sp. TMED73,183,0,3,0
Corallococcus sp. AB049A,31,0,1,0
Coriobacteriaceae bacterium,25,0,1,0
Coriobacteriia bacterium,0,32,0,1
Corynebacterium alimapuense,0,25,0,1
Corynebacterium appendicis,0,61,0,1
Corynebacterium aurimucosum,0,53,0,1
Corynebacterium deserti,28,0,1,0
Corynebacterium durum,0,45,0,1
Corynebacterium falsenii,31,0,1,0
Corynebacterium genitalium,0,26,0,1
Corynebacterium matruchotii,0,135,0,2
Corynebacterium pacaense,30,0,1,0
Corynebacterium pseudogenitalium,0,25,0,1
Corynebacterium pyruviciproducens,0,34,0,1
Corynebacterium riegelii,0,50,0,1
Corynebacterium sanguinis,0,108,0,2
Corynebacterium sphenisci,0,33,0,1
Corynebacterium ureicelerivorans,0,27,0,1
Crinalium epipsammum,25,0,1,0
Crocinitomicaceae bacterium TMED114,217,0,3,0
Crocinitomicaceae bacterium TMED16,87,0,1,0
Crocinitomicaceae bacterium TMED209,106,0,2,0
Crossiella cryophila,0,64,0,2
Crossiella equi,0,36,0,1
Curtobacterium sp. MCBA15_008,0,153,0,1
Curtobacterium sp. MCLR17_032,40,0,1,0
Curtobacterium sp. VKM Ac-2865,25,0,1,0
Curvularia kusanoi,32,0,1,0
Curvularia lunata SGAir0222,37,0,1,0
Curvularia lunata SGAir0310,35,0,1,0
Curvularia lunata SGAir0330,38,0,1,0
Cutibacterium avidum,0,109,0,1
Cutibacterium namnetense,0,29,0,1
Cyanobacteria bacterium TMED188,58,0,2,0
Cyclobacteriaceae bacterium,26,0,1,0
Cyphomyrmex costatus,59,0,1,0
Cyprideis torosa,39,0,1,0
Cyprinus carpio,69,0,1,0
Cystobacter fuscus,0,53,0,2
Cytobacillus oceanisediminis,29,0,1,0
Daejeonella lutea,40,0,1,0
Daldinia sp. EC12,25,0,1,0
Danaus plexippus,37,0,1,0
Daphnia magna,45,0,1,0
Daphnia pulex,39,0,1,0
Darwinula stevensoni,63,0,1,0
Dechloromonas sp. Dech2017,27,0,1,0
Defluviimonas aquaemixtae,31,0,1,0
Defluviimonas denitrificans,34,0,1,0
Defluviimonas sp.,33,0,1,0
Deinococcus deserti,41,0,1,0
Deinococcus fonticola,26,0,1,0
Deinococcus maricopensis,0,35,0,1
Deinococcus murrayi,0,34,0,1
Deinococcus peraridilitoris,0,26,0,1
Deinococcus puniceus,0,28,0,1
Deinococcus sp. AJ005,0,25,0,1
Deinococcus yavapaiensis,25,0,1,0
Deltaproteobacteria bacterium RIFCSPLOWO2_12_FULL_60_19,27,0,1,0
Demequina activiva,36,0,1,0
Dendroctonus ponderosae,172,0,1,0
Dermatophagoides pteronyssinus,0,137,0,3
Desemzia sp. RIT 804,26,0,1,0
Desertihabitans aurantiacus,0,26,0,1
Desulfobulbus propionicus,28,0,1,0
Devosia sp. A16,0,27,0,1
Diachasma alloeum,54,0,1,0
Didymella pinodes,28,0,1,0
Dietzia lutea,0,27,0,1
Dietzia sp. SLG310A2-38A2,26,0,1,0
Dinoponera quadriceps,36,0,1,0
Diplodia corticola,0,30,0,1
Diploscapter pachys,0,66,0,2
Diuraphis noxia,44,0,1,0
Dolosigranulum pigrum,25,0,1,0
Drechslerella brochopaga,28,0,1,0
Dryobates pubescens,0,34,0,1
Dufourea novaeangliae,52,0,1,0
Dyadobacter flavalbus,25,0,1,0
Elaphomyces granulatus,29,0,1,0
Elioraea sp. Yellowstone,0,25,0,1
Elioraea tepidiphila,39,0,1,0
Elusimicrobia bacterium,0,42,0,1
Elusimicrobia bacterium CG11_big_fil_rev_8_21_14_0_20_64_6,0,35,0,1
Empedobacter falsenii,0,67,0,2
Endobacter medicaginis,0,61,0,2
Ensete ventricosum,0,108,0,2
Ensifer sp. ZNC0028,0,101,0,2
Enterobacter cloacae,0,46,0,1
Enterobius vermicularis,0,25,0,1
Enterocloster clostridioformis,30,0,1,0
Enterococcus lemanii,0,25,0,1
Epichloe festucae,144,0,1,0
Epilithonimonas lactis,27,0,1,0
Erwinia amylovora,0,25,0,1
Erwinia aphidicola,0,268,0,1
Erwinia sp. OLMDLW33,0,289,0,1
Erwinia typographi,0,42,0,1
Erythrobacter colymbi,0,35,0,1
Erythrobacter longus,27,0,1,0
Erythrobacter sp. THAF29,31,0,1,0
Erythrobacter tepidarius,0,36,0,1
Eubacterium sp. CAG:251,0,25,0,1
Eucalyptus grandis,94,0,2,0
Eufriesea mexicana,56,0,1,0
Euroglyphus maynei,0,33,0,1
Eurytemora affinis,41,0,1,0
Exaiptasia diaphana,27,0,1,0
Exidia glandulosa,27,0,1,0
Exiguobacterium sibiricum,0,29,0,1
Faecalibacterium sp. An121,31,0,1,0
Fertoeibacter niger,28,0,1,0
Fibrella sp. HMF5405,28,0,1,0
Fibrobacter sp. UWCM,0,63,0,1
Fibrobacter sp. UWR3,0,56,0,1
Fibrobacter sp. UWT3,0,46,0,1
Fibroporia radiculosa,0,43,0,1
Fibularhizoctonia sp. CBS 109695,0,34,0,1
Fimbriimonas ginsengisoli,29,0,1,0
Finegoldia magna,0,218,0,2
Firmicutes bacterium ADurb.Bin467,28,0,1,0
Firmicutes bacterium CAG:24053_14,0,29,0,1
Flaviaesturariibacter flavus,26,0,1,0
Flaviflexus massiliensis,26,0,1,0
Flavihumibacter solisilvae,40,0,1,0
Flavimaricola marinus,30,0,1,0
Flavimobilis sp. GY10621,0,28,0,1
Flavobacteriaceae bacterium 3519-10,26,0,1,0
Flavobacteriaceae bacterium PLHSN227,27,0,1,0
Flavobacteriaceae bacterium TMED120,28,0,1,0
Flavobacteriaceae bacterium TMED204,54,0,2,0
Flavobacteriaceae bacterium TMED265,39,0,1,0
Flavobacteriaceae bacterium TMED42,28,0,1,0
Flavobacteriaceae bacterium TMED81,184,0,3,0
Flavobacteriales bacterium TMED228,53,0,1,0
Flavobacterium collinsii,0,216,0,2
Flavobacterium rivuli,64,0,2,0
Flavobacterium viscosus,0,26,0,1
Flexivirga caeni,35,0,1,0
Fluviicola sp. SGL-29,0,31,0,1
Fluviicola sp. XM-24bin1,30,0,1,0
Foetidibacter luteolus,34,0,1,0
Fomitopsis rosea,31,0,1,0
Fonsecaea multimorphosa,0,31,0,1
Fopius arisanus,53,0,1,0
Formosa sp. Hel3_A1_48,177,0,2,0
Francisella sp.,0,304,0,2
Fredinandcohnia aciditolerans,53,0,1,0
Frieseomelitta varia,26,0,1,0
Frigoribacterium sp. CFBP 13707,31,0,1,0
Frigoribacterium sp. CFBP 8751,28,0,1,0
Frigoribacterium sp. Leaf186,28,0,1,0
Frigoribacterium sp. Leaf263,25,0,1,0
Frigoribacterium sp. Leaf44,0,27,0,1
Frigoribacterium sp. MCBA15_019,0,29,0,1
Frigoribacterium sp. NBH87,0,28,0,1
Frigoribacterium sp. RIT-PI-h,0,34,0,1
Fusarium culmorum,27,0,1,0
Fusarium flagelliforme,126,0,3,0
Fusarium poae,41,0,1,0
Fusarium pseudograminearum,40,0,1,0
Fusarium sarcochroum,31,0,1,0
Fusarium zealandicum,0,48,0,1
Fusobacterium hwasookii,0,68,0,2
Fusobacterium massiliense,0,67,0,1
Fusobacterium nucleatum,0,94,0,2
Galleria mellonella,54,0,1,0
Gammaproteobacteria bacterium SG8_31,27,0,1,0
Gammaproteobacteria bacterium TMED243,97,0,2,0
Gemella haemolysans,0,39,0,1
Gemella morbillorum,0,100,0,2
Geminicoccus sp. CPCC 101082,44,0,1,0
Geminicoccus sp. CPCC 101083,30,0,1,0
Gemmatimonadetes bacterium HGW-Gemmatimonadetes-1,0,27,0,1
Gemmatimonas sp. SM23_52,28,0,1,0
Gemmobacter aquaticus,32,0,1,0
Gemmobacter intermedius,28,0,1,0
Gemmobacter nectariphilus,28,0,1,0
Gemmobacter serpentinus,0,25,0,1
Geobacter sp.,0,26,0,1
Georgenia sp. 311,28,0,1,0
Gibberella fujikuroi SGAir0005,39,0,1,0
Gillisia hiemivivida,27,0,1,0
Gillisia mitskevichiae,34,0,1,0
Gillisia sp. CAL575,32,0,1,0
Gimesia aquarii,0,25,0,1
Glaesserella parasuis,0,36,0,1
Gloeocapsopsis crepidinum,27,0,1,0
Glossina fuscipes,43,0,1,0
Glycomyces sp. YM15,0,28,0,1
Glycomyces tenuis,0,68,0,2
Golovinomyces magnicellulatus,25,0,1,0
Gomphillus americanus,0,26,0,1
Goodfellowiella sp. AN110305,26,0,1,0
Gordonia paraffinivorans,0,27,0,1
Gordonia rhizosphera,25,0,1,0
Gossypium raimondii,0,29,0,1
Gracilibacillus dipsosauri,33,0,1,0
Gracilibacillus halotolerans,32,0,1,0
Gracilibacillus ureilyticus,32,0,1,0
Gracilimonas mengyeensis,27,0,1,0
Gramella aestuarii,29,0,1,0
Gramella echinicola,71,0,1,0
Gramella flava,46,0,1,0
Gramella fulva,36,0,1,0
Gramella sabulilitoris,31,0,1,0
Gramella salexigens,33,0,1,0
Gramella sp. KN1008,53,0,1,0
Gramella sp. MAR_2010_147,41,0,1,0
Granulicatella elegans,0,38,0,1
Granulicatella sp.,0,30,0,1
Granulosicoccus antarcticus,29,0,1,0
Grosmannia clavigera,25,0,1,0
Gulosibacter sp. 10,30,0,1,0
Habropoda laboriosa,47,0,1,0
Haematobacter massiliensis,0,88,0,2
Haemophilus parainfluenzae,0,279,0,2
Hafnia psychrotolerans,0,54,0,1
Haladaptatus litoreus,0,31,0,1
Haliea sp.,26,0,1,0
Halieaceae bacterium MED-G26,107,0,2,0
Halioglobus japonicus,26,0,1,0
Haliscomenobacter hydrossis,37,0,1,0
Halococcus hamelinensis,25,0,1,0
Halococcus morrhuae,28,0,1,0
Halomonas cerina,27,0,1,0
Halomonas sp. Y2R2,31,0,1,0
Hansschlegelia quercus,32,0,1,0
Harpegnathos saltator,45,0,1,0
Helcobacillus massiliensis,0,31,0,1
Helcococcus kunzii,30,0,1,0
Hellea balneolensis,77,0,2,0
Herbiconiux ginsengi,0,28,0,1
Herbiconiux sp.,26,0,1,0
Herbiconiux sp. VKM Ac-1786,31,0,1,0
Herbihabitans rhizosphaerae,26,0,1,0
Hirundo rustica,0,36,0,1
Histoplasma capsulatum,27,0,1,0
Hoeflea sp. BAL378,0,27,0,1
Homoserinimonas aerilata,27,0,1,0
Hyalella azteca,25,0,1,0
Hydrogenophaga sp. IBVHS2,0,30,0,1
Hydrogenophaga sp. PBL-H3,0,37,0,1
Hydrogenophaga sp. Root209,0,25,0,1
Hymenobacter aerophilus,0,32,0,1
Hymenobacter amundsenii,0,32,0,1
Hymenobacter daecheongensis,0,52,0,1
Hymenobacter edaphi,0,43,0,1
Hymenobacter glacialis,0,36,0,1
Hymenobacter jeollabukensis,0,39,0,1
Hymenobacter lapidarius,0,40,0,1
Hymenobacter persicinus,0,71,0,2
Hymenobacter rubripertinctus,0,39,0,1
Hymenobacter sp. AT01-02,0,29,0,1
Hymenobacter sp. BT189,0,38,0,1
Hymenobacter sp. BT190,0,52,0,1
Hymenobacter sp. BT523,0,47,0,1
Hymenobacter sp. BT646,0,31,0,1
Hymenobacter sp. KIGAM108,0,26,0,1
Hymenobacter sp. S2-20-2,0,28,0,1
Hymenobacter sp. TS19,0,25,0,1
Hypericibacter adhaerens,26,0,1,0
Hyphomicrobiaceae bacterium TMED74,26,0,1,0
Hyphomicrobium sp. NDB2Meth4,0,90,0,2
Hyphomicrobium zavarzinii,0,30,0,1
Hyphomonas sp. Mor2,44,0,1,0
Hyposmocoma kahamanoa,71,0,1,0
Hypoxylon sp. CI-4A,26,0,1,0
Immundisolibacter cernigliae,0,124,0,2
Imshaugia aleurites,0,26,0,1
Inconstantimicrobium porci,0,28,0,1
Inonotus pachyphloeus MUSH56,0,65,0,2
Ipomoea nil,25,0,1,0
Jaapia argillacea,38,0,1,0
Jannaschia formosa,35,0,1,0
Jannaschia sp. CCS1,28,0,1,0
Janthinobacterium lividum,0,25,0,1
Janthinobacterium sp. AD80,0,30,0,1
Janthinobacterium sp. TND4EL3,0,37,0,1
Jeotgalibaca arthritidis,26,0,1,0
Jeotgalibaca ciconiae,27,0,1,0
Jeotgalibaca dankookensis,28,0,1,0
Jeotgalicoccus pinnipedialis,46,0,1,0
Jiangella alkaliphila,26,0,1,0
Jiangella mangrovi,30,0,1,0
Jiangella ureilytica,26,0,1,0
Juglans regia,28,0,1,0
Kaistia granuli,0,25,0,1
Kaistia hirudinis,0,90,0,2
Kaistia soli,0,40,0,1
Kaistia sp. SCN 65-12,0,41,0,1
Kangiella spongicola,70,0,2,0
Kaustia mangrovi,33,0,1,0
Kibdelosporangium persicum,0,84,0,2
Kibdelosporangium phytohabitans,0,27,0,1
Kibdelosporangium sp. MJ126-NF4,0,68,0,2
Kiritimatiellaceae bacterium TMED266,51,0,1,0
Klebsiella aerogenes,0,37,0,1
Kribbella flavida,0,58,0,2
Kribbella qitaiheensis,0,25,0,1
Kribbella shirazensis,28,0,1,0
Kribbella soli,0,27,0,1
Kribbella sp. VKM Ac-2541,0,60,0,2
Ktedonobacterales bacterium ID150040,25,0,1,0
Kushneria avicenniae,0,25,0,1
Kushneria indalinina,0,36,0,1
Kushneria pakistanensis,0,75,0,1
Kushneria phyllosphaerae,0,56,0,1
Kutzneria buriramensis,0,26,0,1
Kutzneria kofuensis,0,59,0,2
Kutzneria sp. 744,25,0,1,0
Kytococcus schroeteri,0,41,0,1
Labeo rohita,26,0,1,0
Lachnellula willkommii,0,28,0,1
Lachnospira eligens,30,0,1,0
Lacisediminihabitans profunda,25,0,1,0
Lactimicrobium massiliense,0,25,0,1
Lactobacillus iners,0,67,0,1
Lamprigera yunnana,113,0,1,0
Larkinella sp. BK230,25,0,1,0
Lautropia dentalis,0,25,0,1
Lautropia mirabilis,0,68,0,2
Leclercia adecarboxylata,0,33,0,1
Lentinus tigrinus,49,0,1,0
Lentzea aerocolonigenes,0,89,0,2
Lentzea alba,0,26,0,1
Lentzea albida,0,34,0,1
Lentzea guizhouensis,0,51,0,2
Lentzea jiangxiensis,0,28,0,1
Lentzea sp. FXJ1.1311,27,0,1,0
Lentzea terrae,0,32,0,1
Lentzea waywayandensis,0,70,0,2
Lentzea xinjiangensis,0,72,0,2
Leptidea sinapis,27,0,1,0
Leptolyngbya foveolarum,29,0,1,0
Leptotrichia sp. oral taxon 212,0,160,0,2
Letharia columbiana,0,47,0,1
Letharia lupina,0,38,0,1
Leucobacter chromiireducens,31,0,1,0
Leucobacter sp. CSA1,30,0,1,0
Leucobacter sp. wl10,26,0,1,0
Leuconostoc mesenteroides,29,0,1,0
Leucothrix pacifica,34,0,1,0
Lichtheimia corymbifera,34,0,1,0
Limimaricola pyoseonensis,34,0,1,0
Limimaricola soesokkakensis,120,0,3,0
Limimaricola variabilis,73,0,2,0
Limnobacter thiooxidans,0,49,0,1
Limnohabitans sp. MMS-10A-178,0,27,0,1
Limoniibacter endophyticus,28,0,1,0
Limosilactobacillus panis,26,0,1,0
Linepithema humile,66,0,1,0
Lingula anatina,41,0,1,0
Lipomyces starkeyi,0,25,0,1
Liposcelis bostrychophila,47,0,1,0
Litorimonas cladophorae,33,0,1,0
Litorivivens lipolytica,28,0,1,0
Locusta migratoria,45,0,1,0
Lottia gigantea,36,0,1,0
Lucilia sericata,33,0,1,0
Lunatibacter salilacus,27,0,1,0
Luteibacter yeojuensis,0,27,0,1
Luteimicrobium subarcticum,27,0,1,0
Luteimonas abyssi,28,0,1,0
Luteimonas padinae,37,0,1,0
Luteimonas sp. SJ-16,28,0,1,0
Luteimonas sp. YGD11-2,27,0,1,0
Luteolibacter sp. NBU1238,30,0,1,0
Luteolibacter yonseiensis,0,32,0,1
Lysinibacillus odysseyi,56,0,1,0
Lysinibacillus telephonicus,27,0,1,0
Lysinibacillus timonensis,29,0,1,0
Lysobacter arenosi,28,0,1,0
Lysobacter capsici,35,0,1,0
Lysobacter dokdonensis,31,0,1,0
Lysobacter gilvus,0,39,0,1
Lysobacter lacus,26,0,1,0
Lysobacter lycopersici,29,0,1,0
Lysobacter maris,0,32,0,1
Lysobacter oculi,37,0,1,0
Lysobacter penaei,27,0,1,0
Lysobacter segetis,26,0,1,0
Lysobacter solisilvae,0,32,0,1
Lysobacter sp. Root690,79,0,1,0
Lysobacter tolerans,31,0,1,0
Macaca nemestrina,0,89,0,2
Macrococcus caseolyticus,34,0,1,0
Mammaliicoccus sciuri,35,0,1,0
Mandrillus leucophaeus,0,102,0,2
Manduca sexta,41,0,1,0
Maniola hyperantus,41,0,1,0
Mariniblastus fucicola,29,0,1,0
Marinobacter sp. X15-166B,27,0,1,0
Marinococcus luteus,52,0,2,0
Marinovum algicola,67,0,2,0
Massilia buxea,76,0,2,0
Massilia eurypsychrophila,54,0,2,0
Massilia glaciei,0,26,0,1
Massilia horti,0,34,0,1
Massilia lurida,29,0,1,0
Massilia sp. SJY3,33,0,1,0
Mastigocladopsis repens,0,26,0,1
Medioppia subpectinata,0,68,0,1
Megachile rotundata,47,0,1,0
Megalopta genalis,29,0,1,0
Meiothermus ruber,0,28,0,1
Melanaphis sacchari,34,0,1,0
Melittangium boletus,25,0,1,0
Mesirhizobium sp. NIBR3,41,0,1,0
Mesobacillus jeotgali,29,0,1,0
Mesorhizobium caraganae,0,32,0,1
Mesorhizobium carbonis,26,0,1,0
Mesorhizobium loti,0,44,0,1
Mesorhizobium sp. CCANP35,0,58,0,1
Mesorhizobium sp. NBSH29,29,0,1,0
Mesorhizobium sp. Root157,0,25,0,1
Metarhizium rileyi,0,34,0,1
Methanomassiliicoccales archaeon Mx-02,0,33,0,1
Methanothrix soehngenii,0,26,0,1
Methylarcula marina,25,0,1,0
Methylobacillus glycogenes,0,53,0,2
Methylobacterium brachythecii,0,25,0,1
Methylobacterium durans,0,25,0,1
Methylobacterium oxalidis,0,31,0,1
Methylobacterium radiotolerans,30,0,1,0
Methylobacterium sp. L1A1,0,33,0,1
Methylobacterium sp. SCN 67-24,0,27,0,1
Methylobacterium sp. WL12,25,0,1,0
Methylobacterium sp. WL7,0,28,0,1
Methylocapsa sp. S129,0,25,0,1
Methylopila sp. M107,0,73,0,2
Methylorubrum rhodinum,0,32,0,1
Methylorubrum salsuginis,0,64,0,2
Methyloversatilis discipulorum,0,60,0,1
Microbacteriaceae bacterium,29,0,1,0
Microbacterium album,0,25,0,1
Microbacterium halophytorum,34,0,1,0
Microbacterium hydrothermale,0,28,0,1
Microbacterium karelineae,25,0,1,0
Microbacterium kitamiense,0,38,0,1
Microbacterium kyungheense,27,0,1,0
Microbacterium lushaniae,25,0,1,0
Microbacterium nanhaiense,39,0,1,0
Microbacterium protaetiae,0,36,0,1
Microbacterium pumilum,28,0,1,0
Microbacterium sp. 292MF,34,0,1,0
Microbacterium sp. 5K110,0,26,0,1
Microbacterium sp. A18JL200,25,0,1,0
Microbacterium sp. AK009,0,38,0,1
Microbacterium sp. B8U3A,0,32,0,1
Microbacterium sp. BH-3-3-3,0,33,0,1
Microbacterium sp. CPCC 204701,29,0,1,0
Microbacterium sp. NEAU-LLC,27,0,1,0
Microbacterium sp. RG1,25,0,1,0
Microbacterium sp. SD291,0,25,0,1
Microbacterium sp. SLBN-1,0,26,0,1
Microbacterium sp. SLBN-146,31,0,1,0
Microbacterium sp. SYP-A9085,28,0,1,0
Microbacterium sp. TPD7012,56,0,2,0
Microbacterium sp. UFMG61,0,32,0,1
Microbotryum intermedium,25,0,1,0
Micrococcus endophyticus,0,26,0,1
Micrococcus lylae,0,154,0,2
Microcoleus asticus,34,0,1,0
Microcoleus sp. FACHB-61,42,0,1,0
Microcoleus sp. FACHB-831,0,30,0,1
Micromonospora pisi,0,25,0,1
Micromonospora polyrhachis,31,0,1,0
Microplitis demolitor,75,0,1,0
Microvirga mediterraneensis,0,53,0,2
Microvirga sp. BT350,33,0,1,0
Mogibacterium sp. BX12,0,27,0,1
Mogibacterium sp. NSJ-24,56,0,2,0
Monomorium pharaonis,29,0,1,0
Moraxella atlantae,0,28,0,1
Moraxella pluranimalium,31,0,1,0
Mucilaginibacter galii,38,0,1,0
Muribaculaceae bacterium,27,0,1,0
Mus musculus,0,111,0,1
Musa balbisiana,26,0,1,0
Musca domestica,28,0,1,0
Myceligenerans indicum,26,0,1,0
Mycena venus,29,0,1,0
Mycetocola manganoxydans,83,0,2,0
Mycobacterium asiaticum,28,0,1,0
Mycobacterium grossiae,0,34,0,1
Mycobacterium kyorinense,0,25,0,1
Mycobacterium sp. ITM-2016-00316,0,29,0,1
Mycobacterium sp. MS1601,0,27,0,1
Mycobacterium sp. OAS707,0,37,0,1
Mycobacterium sp. QGD 101,26,0,1,0
Mycolicibacter sinensis,0,30,0,1
Mycolicibacterium agri,0,32,0,1
Mycolicibacterium aubagnense,0,80,0,1
Mycolicibacterium celeriflavum,0,31,0,1
Mycolicibacterium elephantis,30,0,1,0
Mycolicibacterium frederiksbergense,0,26,0,1
Mycolicibacterium gadium,0,28,0,1
Mycolicibacterium hassiacum,36,0,1,0
Mycolicibacterium holsaticum,0,37,0,1
Mycolicibacterium madagascariense,0,67,0,2
Mycolicibacterium sp. P9-22,0,28,0,1
Myotis myotis,0,27,0,1
Myroides marinus,0,35,0,1
Myroides profundi,0,27,0,1
Mytilus galloprovincialis,28,0,1,0
Myxococcus vastator,0,40,0,1
Myzus persicae,102,0,2,0
Nakamurella aerolata,0,33,0,1
Nasonia vitripennis,59,0,1,0
Neobacillus niacini,35,0,1,0
Neodiprion lecontei,113,0,1,0
Neofamilia massiliensis,33,0,1,0
Neomicrococcus aestuarii,29,0,1,0
Neomicrococcus lactis,34,0,1,0
Neorhizobium alkalisoli,28,0,1,0
Nereida ignava,80,0,2,0
Nesterenkonia halotolerans,28,0,1,0
Nesterenkonia jeotgali,0,41,0,1
Nesterenkonia xinjiangensis,27,0,1,0
Nevskia soli,0,31,0,1
Niabella yanshanensis,0,48,0,1
Nicrophorus vespilloides,199,0,1,0
Nitratireductor aquibiodomus,26,0,1,0
Nitratireductor basaltis,31,0,1,0
Nitratireductor sp. SY7,0,27,0,1
Nitratireductor sp. XY-223,26,0,1,0
Nitrobacter hamburgensis,25,0,1,0
Nitrobacter sp. Nb-311A,29,0,1,0
Nitrococcus mobilis,67,0,1,0
Nitrosococcus oceani,39,0,1,0
Nitrosomonas nitrosa,41,0,1,0
Nitrosomonas ureae,25,0,1,0
Nitrosovibrio tenuis,0,26,0,1
Nitrospirillum amazonense,0,26,0,1
Nocardia carnea,0,37,0,1
Nocardia flavorosea,0,31,0,1
Nocardia nova,0,28,0,1
Nocardia sp. NRRL S-836,0,56,0,2
Nocardia transvalensis,0,29,0,1
Nocardioides sp. J54,31,0,1,0
Nocardioides sp. J9,0,25,0,1
Nocardioides sp. MC1495,40,0,1,0
Nocardioides sp. Root140,30,0,1,0
Nocardioides sp. Y192,29,0,1,0
Nocardiopsis algeriensis,0,27,0,1
Nocardiopsis sp. BM-2018,29,0,1,0
Nomascus leucogenys,0,98,0,2
Nomia melanderi,51,0,1,0
Nonomuraea fuscirosea,0,31,0,1
Nonomuraea solani,0,28,0,1
Nonomuraea soli,0,34,0,1
Nonomuraea sp. 160415,25,0,1,0
Nonomuraea sp. C10,0,67,0,1
Notodromas monacha,36,0,1,0
Novipirellula artificiosorum,28,0,1,0
Novosphingobium colocasiae,0,28,0,1
Novosphingobium guangzhouense,0,59,0,2
Novosphingobium hassiacum,0,26,0,1
Novosphingobium naphthalenivorans,0,27,0,1
Novosphingobium olei,0,27,0,1
Novosphingobium piscinae,54,0,2,0
Novosphingobium resinovorum,0,34,0,1
Novosphingobium sp. B1,28,0,1,0
Novosphingobium sp. CF614,0,52,0,2
Novosphingobium sp. P6W,30,0,1,0
Novosphingobium sp. YJ-S2-02,25,0,1,0
Novosphingobium umbonatum,0,27,0,1
Nylanderia fulva,37,0,1,0
Nymphon striatum,131,0,3,0
OM182 bacterium,210,0,3,0
Oblitimonas alkaliphila,37,0,1,0
Occultella aeris,39,0,1,0
Oceanibacterium hippocampi,26,0,1,0
Oceanibium sediminis,27,0,1,0
Oceaniovalibus sp. ACAM 378,31,0,1,0
Oceanobacillus bengalensis,40,0,1,0
Oceanobacillus damuensis,28,0,1,0
Oceanobacillus massiliensis,28,0,1,0
Oceanobacillus salinisoli,46,0,1,0
Oceanobacillus senegalensis,37,0,1,0
Octopus bimaculoides,27,0,1,0
Odontomachus brunneus,48,0,1,0
Oligella urethralis,0,27,0,1
Oligoflexus tunisiensis,32,0,1,0
Onychostoma macrolepis,41,0,1,0
Operophtera brumata,34,0,1,0
Opitutaceae bacterium BACL24 MAG-120322-bin51,72,0,2,0
Opitutales bacterium TMED207,64,0,1,0
Orchesella cincta,67,0,1,0
Ornithinibacillus contaminans,27,0,1,0
Ornithinibacillus halophilus,36,0,1,0
Ornithinibacillus sp. BX22,59,0,1,0
Ornithinibacillus sp. L9,25,0,1,0
Orussus abietinus,117,0,1,0
Oryctes borbonicus,75,0,1,0
Oscillatoria nigro-viridis,83,0,2,0
Ostrinia furnacalis,68,0,1,0
Pachysolen tannophilus,78,0,2,0
Paenibacillus nuruki,28,0,1,0
Paenibacillus odorifer,0,110,0,2
Paeniglutamicibacter cryotolerans,29,0,1,0
Palleronia rufa,26,0,1,0
Panacibacter ginsenosidivorans,26,0,1,0
Pandoraea sputorum,0,29,0,1
Pantoea Psp39-30,0,81,0,1
Pantoea eucrina,25,0,1,0
Pantoea latae,33,0,1,0
Pantoea sp. BAV 3049,0,108,0,1
Papaver somniferum,0,109,0,2
Papilio machaon,42,0,1,0
Papio anubis,0,83,0,2
Parabacteroides sp. CAG:409,25,0,1,0
Paracoccus aminophilus,0,29,0,1
Paracoccus aurantiacus,30,0,1,0
Paracoccus binzhouensis,27,0,1,0
Paracoccus indicus,0,26,0,1
Paracoccus isoporae,61,0,2,0
Paracoccus ravus,28,0,1,0
Paracoccus seriniphilus,78,0,2,0
Paracoccus sp. IB05,0,30,0,1
Paracoccus sp. JM45,28,0,1,0
Paracoccus sp. NBH48,28,0,1,0
Paracoccus sp. S1E-3,34,0,1,0
Paracoccus sp. SM22M-07,0,26,0,1
Paracoccus xiamenensis,25,0,1,0
Paracoccus zeaxanthinifaciens,56,0,2,0
Paragonimus westermani,62,0,1,0
Pararheinheimera mesophila,0,25,0,1
Pararheinheimera texasensis,0,30,0,1
Pararhizobium haloflavum,29,0,1,0
Patescibacteria group bacterium,36,0,1,0
Paucibacter toxinivorans,26,0,1,0
Paucimonas lemoignei,26,0,1,0
Pealius mori,0,482,0,2
Pecten maximus,54,0,2,0
Pedobacter hartonius,0,26,0,1
Pedobacter petrophilus,33,0,1,0
Pedobacter sp. Leaf41,29,0,1,0
Pedobacter suwonensis,0,41,0,1
Pedosphaera sp. Tous-C6FEB,30,0,1,0
Pelagibacterales bacterium MED-G39,33,0,1,0
Pelagibacterium halotolerans,31,0,1,0
Pelagibacterium luteolum,27,0,1,0
Penaeus vannamei,36,0,1,0
Penicilliopsis zonata,30,0,1,0
Penicillium decumbens,0,25,0,1
Penicillium freii,30,0,1,0
Penicillium nalgiovense,0,103,0,2
Peniophora sp. CBMAI 1063,27,0,1,0
Peniophora sp. CONT,35,0,1,0
Peptoniphilus lacydonensis,0,113,0,1
Peptoniphilus rhinitidis,0,104,0,1
Peptostreptococcus russellii,0,25,0,1
Peribacillus asahii,32,0,1,0
Perlucidibaca aquatica,0,42,0,1
Perlucidibaca piscinae,0,40,0,1
Peronospora effusa,0,318,0,1
Persicimonas caeni,29,0,1,0
Phenylobacterium sp. SCN 69-14,0,34,0,1
Phialophora americana,0,31,0,1
Phormidium tenue,36,0,1,0
Phycicoccus sp. DTK01,26,0,1,0
Phycisphaera sp. TMED24,50,0,1,0
Phyllobacterium myrsinacearum,0,35,0,1
Phyllostachys edulis,0,27,0,1
Phytohabitans flavus,26,0,1,0
Phytophthora cactorum,0,77,0,1
Phytophthora idaei,0,38,0,1
Phytophthora palmivora,0,32,0,1
Pichia kudriavzevii,31,0,1,0
Pieris macdunnoughi,70,0,1,0
Pigmentiphaga aceris,61,0,1,0
Piliocolobus tephrosceles,0,103,0,2
Pistacia vera,25,0,1,0
Pistricoccus aurantiacus,84,0,1,0
Pisum sativum,36,0,1,0
Planctomycetaceae bacterium TMED10,31,0,1,0
Planctomycetes bacterium ADurb.Bin126,0,26,0,1
Planctomycetes bacterium K23_9,29,0,1,0
Planctomycetes bacterium MalM25,25,0,1,0
Planctomycetes bacterium Poly21,26,0,1,0
Planktomarina temperata,38,0,1,0
Planococcus maitriensis,51,0,1,0
Planococcus maritimus,25,0,1,0
Planomicrobium sp. REN14,73,0,2,0
Planomicrobium sp. Y74,25,0,1,0
Planoprotostelium fungivorum,185,0,2,0
Planosporangium flavigriseum,0,25,0,1
Podospora anserina,25,0,1,0
Pogonomyrmex barbatus,27,0,1,0
Pollicipes pollicipes,38,0,1,0
Polyangiaceae bacterium UTPRO1,26,0,1,0
Polycyclovorans algicola,0,67,0,1
Polymorphobacter glacialis,0,25,0,1
Polymorphobacter multimanifer,0,29,0,1
Polystyrenella longa,34,0,1,0
Polytolypa hystricis,29,0,1,0
Pomacea canaliculata,27,0,1,0
Pontibaca methylaminivorans,30,0,1,0
Pontibaca sp. S1109L,27,0,1,0
Pontibacter actiniarum,64,0,1,0
Pontibacter chinhatensis,41,0,1,0
Pontibacter indicus,34,0,1,0
Pontibacter mucosus,36,0,1,0
Pontibacter oryzae,37,0,1,0
Pontiella desulfatans,41,0,1,0
Pontixanthobacter luteolus,26,0,1,0
Pontixanthobacter rizhaonensis,32,0,1,0
Porphyrobacter sp. AAP60,0,39,0,1
Porphyrobacter sp. CACIAM 03H1,0,44,0,1
Porphyrobacter sp. HT-58-2,0,27,0,1
Porphyrobacter sp. IPPAS B-1204,0,35,0,1
Porphyrobacter sp. LM 6,0,27,0,1
Porphyrobacter sp. TH134,0,29,0,1
Porphyromonas catoniae,0,25,0,1
Porphyromonas sp.,0,27,0,1
Porphyromonas sp. oral taxon 278,0,54,0,2
Porticoccaceae bacterium,0,212,0,1
Posidoniimonas polymericola,0,25,0,1
Pradoshia eiseniae,25,0,1,0
Prauserella marina,0,28,0,1
Prauserella shujinwangii,0,26,0,1
Prevotella bryantii,0,32,0,1
Prevotella multisaccharivorax,25,0,1,0
Prevotella sp. AGR2160,0,25,0,1
Prevotella sp. CAG:924,34,0,1,0
Prevotella sp. PMUR,27,0,1,0
Prevotella sp. WR041,0,36,0,1
Prevotella sp. oral taxon 299,0,106,0,2
Prevotella sp. oral taxon 473,0,92,0,2
Priapulus caudatus,41,0,1,0
Pricia antarctica,0,28,0,1
Primorskyibacter sp. SS33,0,30,0,1
Prosthecobacter debontii,0,41,0,1
Prosthecobacter fusiformis,28,0,1,0
Prosthecobacter vanneervenii,25,0,1,0
Prosthecomicrobium pneumaticum,0,31,0,1
Proteobacteria bacterium SG_bin5,0,64,0,2
Proteobacteria bacterium ST_bin14,0,25,0,1
Protostelium mycophagum,39,0,1,0
Pseudacidovorax intermedius,0,28,0,1
Pseudaminobacter manganicus,0,25,0,1
Pseudarthrobacter polychromogenes,31,0,1,0
Pseudarthrobacter sp. BIM B-2242,0,27,0,1
Pseudenhygromyxa sp. WMMC2535,43,0,1,0
Pseudobythopirellula maris,36,0,1,0
Pseudochrobactrum asaccharolyticum,0,29,0,1
Pseudoclavibacter alba,0,31,0,1
Pseudoclavibacter chungangensis,25,0,1,0
Pseudoclavibacter sp. JAI123,0,40,0,1
Pseudoclavibacter sp. RFBB5,0,58,0,1
Pseudofulvimonas gallinarii,0,28,0,1
Pseudogemmobacter bohemicus,0,56,0,1
Pseudoglutamicibacter albus,0,26,0,1
Pseudogymnoascus sp. VKM F-4518 (FW-2643),26,0,1,0
Pseudolabrys sp. GY_H,0,25,0,1
Pseudomonadales bacterium,90,0,2,0
Pseudomonas antarctica,0,168,0,2
Pseudomonas azotoformans,0,110,0,2
Pseudomonas caeni,0,67,0,2
Pseudomonas chengduensis,0,33,0,1
Pseudomonas chlororaphis,0,140,0,2
Pseudomonas cichorii,0,31,0,1
Pseudomonas coronafaciens,0,25,0,1
Pseudomonas costantinii,0,25,0,1
Pseudomonas cremoris,0,206,0,2
Pseudomonas fulva,0,25,0,1
Pseudomonas koreensis,0,27,0,1
Pseudomonas kuykendallii,0,77,0,2
Pseudomonas lactis,0,25,0,1
Pseudomonas lurida,0,33,0,1
Pseudomonas orientalis,0,28,0,1
Pseudomonas poae,0,124,0,2
Pseudomonas punonensis,0,30,0,1
Pseudomonas salomonii,0,87,0,2
Pseudomonas saudiphocaensis,26,0,1,0
Pseudomonas savastanoi,0,92,0,2
Pseudomonas sihuiensis,0,36,0,1
Pseudomonas simiae,0,60,0,1
Pseudomonas sp. 22 E 5,0,54,0,1
Pseudomonas sp. 43(2021),0,81,0,2
Pseudomonas sp. AP19,0,67,0,1
Pseudomonas sp. B6002,0,143,0,2
Pseudomonas sp. SWRI10,0,36,0,1
Pseudomonas sp. SXM-1,0,36,0,1
Pseudomonas sp. TH04,0,105,0,2
Pseudomonas synxantha,0,39,0,1
Pseudomonas syringae group genomosp. 3,0,28,0,1
Pseudomonas tolaasii,0,31,0,1
Pseudomonas veronii,0,97,0,1
Pseudomonas yamanorum,0,36,0,1
Pseudomonas zhaodongensis,0,44,0,1
Pseudomyrmex gracilis,64,0,1,0
Pseudonocardia sulfidoxydans,0,28,0,1
Pseudopontixanthobacter vadosimaris,31,0,1,0
Pseudoroseicyclus sp. CLL3-39,26,0,1,0
Pseudoruegeria sp. HB172150,27,0,1,0
Pseudoxanthomonas indica,27,0,1,0
Pseudoxanthomonas japonensis,0,26,0,1
Pseudoxanthomonas sangjuensis,30,0,1,0
Pseudoxanthomonas sp.,0,49,0,1
Pseudoxanthomonas sp. 3HH-4,0,39,0,1
Pseudoxanthomonas sp. CF125,0,25,0,1
Pseudoxanthomonas sp. CF385,0,27,0,1
Pseudoxanthomonas sp. GM95,28,0,1,0
Pseudoxanthomonas sp. PXM01,0,26,0,1
Pseudoxanthomonas sp. PXM02,0,53,0,1
Pseudoxanthomonas sp. Root65,0,55,0,1
Pseudoxanthomonas spadix,0,63,0,2
Pseudoxanthomonas taiwanensis,0,72,0,2
Pseudoxanthomonas yeongjuensis,28,0,1,0
Psychrobacter frigidicola,0,32,0,1
Psychrobacter sp. M9-54-1,0,29,0,1
Pterula gracilis,27,0,1,0
Puerhibacterium puerhi,28,0,1,0
Puniceicoccaceae bacterium MED-G30,103,0,2,0
Puniceicoccaceae bacterium MED-G31,25,0,1,0
Puniceicoccaceae bacterium MED-G32,131,0,2,0
Ramlibacter henchirensis,61,0,2,0
Ramlibacter monticola,43,0,1,0
Ramlibacter sp. 18x22-1,0,25,0,1
Ramlibacter sp. B156,0,29,0,1
Ramlibacter sp. CrO1,28,0,1,0
Rariglobus hedericola,0,26,0,1
Rathayibacter sp. Leaf299,0,43,0,1
Rathayibacter sp. PhB151,0,26,0,1
Rathayibacter sp. VKM Ac-2804,0,25,0,1
Rattus norvegicus,0,121,0,1
Rehaibacterium terrae,31,0,1,0
Reyranella massiliensis,0,102,0,2
Reyranella sp. CPCC 100927,0,65,0,2
Rheinheimera sp. F8,0,26,0,1
Rhinopithecus bieti,0,25,0,1
Rhinopithecus roxellana,0,86,0,2
Rhipicephalus sanguineus,25,0,1,0
Rhizobacter gummiphilus,28,0,1,0
Rhizobiales bacterium 65-9,0,25,0,1
Rhizobiales bacterium TMED29,25,0,1,0
Rhizobiales bacterium TMED83,68,0,2,0
Rhizobium giardinii,0,27,0,1
Rhizobium pseudoryzae,0,26,0,1
Rhizobium soli,27,0,1,0
Rhizobium sp. CFBP 13726,28,0,1,0
Rhizobium sp. CFBP 8752,27,0,1,0
Rhizobium sp. Leaf306,0,30,0,1
Rhizobium sp. Leaf321,35,0,1,0
Rhizophagus irregularis,0,29,0,1
Rhizopus microsporus,0,35,0,1
Rhizorhabdus dicambivorans,0,57,0,2
Rhizorhapis suberifaciens,0,66,0,2
Rhodobacter blasticus,29,0,1,0
Rhodobacter sp. CZR27,0,27,0,1
Rhodobacteraceae bacterium EhC02,25,0,1,0
Rhodobacteraceae bacterium HLUCCA08,25,0,1,0
Rhodobacteraceae bacterium SB2,90,0,2,0
Rhodobacteraceae bacterium WD3A24,25,0,1,0
Rhodobacterales bacterium 32-67-9,25,0,1,0
Rhodococcus erythropolis,33,0,1,0
Rhodococcus sp.,25,0,1,0
Rhodococcus sp. 06-235-1A,25,0,1,0
Rhodococcus sp. AW25M09,32,0,1,0
Rhodococcus sp. C1-24,0,25,0,1
Rhodococcus sp. SBT000017,0,31,0,1
Rhodococcus triatomae,25,0,1,0
Rhodococcus trifolii,0,59,0,2
Rhodococcus yunnanensis,0,25,0,1
Rhodoferax koreense,0,25,0,1
Rhodoligotrophos appendicifer,0,28,0,1
Rhodoplanes roseus,0,29,0,1
Rhodospirillales bacterium 20-64-7,0,80,0,2
Rhodovarius sp. CCP-6,25,0,1,0
Rhopalosiphum maidis,34,0,1,0
Robiginitomaculum sp.,35,0,1,0
Roseburia faecis,26,0,1,0
Roseburia hominis,37,0,1,0
Roseburia inulinivorans,54,0,2,0
Roseburia sp. 499,51,0,2,0
Roseburia sp. 831b,26,0,1,0
Roseiarcus fermentans,0,26,0,1
Roseibacillus persicicus,32,0,1,0
Roseiflexus castenholzii,0,27,0,1
Roseimicrobium sp. ORNL1,0,25,0,1
Roseivivax isoporae,25,0,1,0
Rosellinia necatrix,28,0,1,0
Roseobacter phage CRP-2,29,0,1,0
Roseomonas ludipueritiae,0,60,0,2
Roseomonas stagni,33,0,1,0
Rothia dentocariosa,0,27,0,1
Rothia terrae,135,0,1,0
Rouxiella chamberiensis,0,26,0,1
Rubinisphaera brasiliensis,34,0,1,0
Rubinisphaera italica,29,0,1,0
Rubrobacter indicoceani,0,57,0,1
Ruegeria arenilitoris,32,0,1,0
Rufibacter latericius,33,0,1,0
Rufibacter sp. SYSU D00308,0,27,0,1
Rufibacter sp. SYSU D00434,32,0,1,0
Ruminococcus gauvreauii,25,0,1,0
Ruminococcus sp. CAG:563,25,0,1,0
Rutstroemia sp. NJR-2017a BVV2,0,27,0,1
SAR116 cluster bacterium,88,0,2,0
SAR86 cluster bacterium SAR86B,38,0,1,0
Saccharibacillus endophyticus,0,73,0,1
Saccharibacillus sacchari,0,30,0,1
Saccharibacillus sp. O23,0,32,0,1
Saccharibacillus sp. WB 17,0,27,0,1
Saccharomonospora sp. NB11,0,73,0,1
Saccharomycodes ludwigii,0,87,0,1
Saccharopolyspora dendranthemae,0,70,0,2
Saccharopolyspora hirsuta,0,29,0,1
Saccharopolyspora lacisalsi,31,0,1,0
Saccharopolyspora sp. 16K309,0,58,0,1
Saccharothrix algeriensis,0,25,0,1
Saccharothrix australiensis,0,27,0,1
Saccharothrix coeruleofusca,32,0,1,0
Saccharothrix deserti,0,31,0,1
Saccharothrix ecbatanensis,0,55,0,2
Saccharothrix variisporea,0,35,0,1
Saimiri boliviensis,0,38,0,1
Salegentibacter echinorum,51,0,1,0
Salegentibacter holothuriorum,31,0,1,0
Salegentibacter salegens,0,27,0,1
Salegentibacter sp. Hel_I_6,35,0,1,0
Salinarimonas rosea,0,30,0,1
Salinibacterium hongtaonis,0,34,0,1
Salinibacterium sp. CAN_S4,26,0,1,0
Salinicoccus carnicancri,32,0,1,0
Salinicoccus hispanicus,28,0,1,0
Salipiger pacificus,30,0,1,0
Salirhabdus sp. Marseille-P4669,25,0,1,0
Salmonella sp. S094_02810,0,30,0,1
Salmonella sp. zj-f54,31,0,1,0
Sanguibacter hominis,26,0,1,0
Sapajus apella,0,35,0,1
Saprospirales bacterium TMED214,25,0,1,0
Sarcoptes scabiei,0,37,0,1
Savagea serpentis,26,0,1,0
Scedosporium apiospermum,25,0,1,0
Scenedesmus sp. NREL 46B-D3,0,58,0,1
Schaalia odontolytica,0,71,0,2
Schlegelella thermodepolymerans,0,33,0,1
Scytalidium sp. 3C,28,0,1,0
Sediminibacterium goheungense,0,84,0,2
Segeticoccus rhizosphaerae,0,27,0,1
Selenomonas ruminantium,25,0,1,0
Seonamhaeicola sp. S2-3,96,0,2,0
Sepia pharaonis,0,64,0,1
Serinibacter salmoneus,0,25,0,1
Serratia fonticola,0,28,0,1
Serratia liquefaciens,0,46,0,1
Serratia phage Tsm2,0,29,0,1
Serratia plymuthica,0,37,0,1
Serratia proteamaculans,0,60,0,1
Shimazuella kribbensis,0,28,0,1
Shimazuella sp. KC615,0,27,0,1
Shinella zoogloeoides,26,0,1,0
Silanimonas lenta,27,0,1,0
Sinobacteraceae bacterium,0,29,0,1
Sinomonas atrocyanea,28,0,1,0
Sinomonas mesophila,25,0,1,0
Sinomonas sp. NEAU-HV1,25,0,1,0
Sinorhizobium fredii,27,0,1,0
Siphoviridae sp.,0,43,0,1
Skermanella pratensis,33,0,1,0
Solibacillus isronensis,0,31,0,1
Solimonas fluminis,0,31,0,1
Solirhodobacter olei,30,0,1,0
Sordaria macrospora,46,0,1,0
Specibacter cremeus,27,0,1,0
Sphaerosporella brunnea,38,0,1,0
Sphingobacteriales bacterium 46-32,28,0,1,0
Sphingobacteriia bacterium,25,0,1,0
Sphingobacterium sp. Ka21,0,25,0,1
Sphingobium phenoxybenzoativorans,0,25,0,1
Sphingobium scionense,0,47,0,1
Sphingobium sp. CCH11-B1,0,28,0,1
Sphingobium sp. IP1,0,33,0,1
Sphingobium sp. MI1205,26,0,1,0
Sphingobium ummariense,30,0,1,0
Sphingomonadales bacterium 32-64-17,25,0,1,0
Sphingomonadales bacterium 63-6,0,26,0,1
Sphingomonadales bacterium BRH_c42,32,0,1,0
Sphingomonas azotifigens,0,25,0,1
Sphingomonas echinoides,0,31,0,1
Sphingomonas elodea,0,68,0,2
Sphingomonas ginsenosidimutans,0,42,0,1
Sphingomonas paucimobilis,0,42,0,1
Sphingomonas sp. 28-63-12,0,25,0,1
Sphingomonas sp. 2SG,0,28,0,1
Sphingomonas sp. 35-24ZXX,0,30,0,1
Sphingomonas sp. 66-10,0,31,0,1
Sphingomonas sp. 67-36,0,26,0,1
Sphingomonas sp. ABOLF,0,29,0,1
Sphingomonas sp. CCH5-D11,0,25,0,1
Sphingomonas sp. HMWF008,0,30,0,1
Sphingomonas sp. Leaf23,0,44,0,1
Sphingomonas sp. Leaf230,0,56,0,1
Sphingomonas sp. Leaf242,27,0,1,0
Sphingomonas sp. Leaf25,0,28,0,1
Sphingomonas sp. Leaf34,0,28,0,1
Sphingomonas sp. Leaf67,0,91,0,2
Sphingomonas sp. OV641,0,88,0,2
Sphingomonas sp. PP-CE-3G-477,0,35,0,1
Sphingomonas sp. PR090111-T3T-6A,0,26,0,1
Sphingomonas sp. Root710,0,51,0,2
Sphingomonas sp. S-NIH.Pt3_0716,0,46,0,1
Sphingomonas sp. SRS2,0,32,0,1
Sphingomonas sp. TDK1,0,27,0,1
Sphingomonas sp. UNC305MFCol5.2,0,25,0,1
Sphingopyxis bauzanensis,0,49,0,1
Sphingopyxis panaciterrulae,28,0,1,0
Sphingopyxis sp. H050,0,35,0,1
Sphingopyxis sp. L1A2A,0,26,0,1
Sphingosinithalassobacter sp. zrk23,0,26,0,1
Spirochaetaceae bacterium,45,0,1,0
Spirochaetes bacterium,27,0,1,0
Spirometra erinaceieuropaei,31,0,1,0
Spirosoma fluviale,28,0,1,0
Spirosoma taeanense,26,0,1,0
Spodoptera frugiperda,29,0,1,0
Spongiibacter marinus,149,0,2,0
Sporisorium scitamineum,0,26,0,1
Sporobolomyces sp.,33,0,1,0
Sporocytophaga myxococcoides,0,49,0,1
Sporosarcina sp. HYO08,27,0,1,0
Stachybotrys chartarum,25,0,1,0
Stackebrandtia endophytica,0,27,0,1
Stakelama sediminis,62,0,2,0
Staphylococcus epidermidis,0,110,0,2
Staphylococcus gallinarum,62,0,2,0
Staphylococcus pseudintermedius,0,36,0,1
Staphylococcus saccharolyticus,0,57,0,2
Staphylococcus succinus,30,0,1,0
Starkeya sp. ORNL1,0,33,0,1
Stegodyphus dumicola,45,0,1,0
Stella sp. ATCC 35155,26,0,1,0
Stenotrophomonas acidaminiphila,0,35,0,1
Stenotrophomonas indicatrix,0,39,0,1
Steroidobacter agariperforans,30,0,1,0
Stieleria varia,26,0,1,0
Streblomastix strix,0,56,0,1
Streptococcus anginosus,0,29,0,1
Streptococcus equinus,59,0,2,0
Streptococcus gordonii,0,48,0,1
Streptococcus oralis,0,134,0,2
Streptococcus pyogenes,0,48,0,1
Streptococcus sanguinis,0,161,0,2
Streptococcus thermophilus,26,0,1,0
Streptomyces albidoflavus,0,62,0,1
Streptomyces albidus (ex Kaewkla and Franco 2021),26,0,1,0
Streptomyces barkulensis,0,38,0,1
Streptomyces dioscori,0,36,0,1
Streptomyces fumigatiscleroticus,0,43,0,1
Streptomyces griseocarneus,25,0,1,0
Streptomyces malachitofuscus,0,41,0,1
Streptomyces olivaceus,0,227,0,1
Streptomyces scabiei,0,26,0,1
Streptomyces sp. 13-12-16,27,0,1,0
Streptomyces sp. AcH 505,0,29,0,1
Streptomyces sp. CB02400,41,0,1,0
Streptomyces sp. FR-008,0,31,0,1
Streptomyces sp. SID3343,0,30,0,1
Streptomyces sp. SUN51,0,28,0,1
Streptomyces tauricus,0,41,0,1
Streptomyces tsukubensis,0,27,0,1
Streptomyces venezuelae,0,29,0,1
Streptomyces zhaozhouensis,0,154,0,1
Styela clava,81,0,1,0
Stylonychia lemnae,0,30,0,1
Stylophora pistillata,33,0,1,0
Succinivibrio dextrinosolvens,25,0,1,0
Sulfitobacter mediterraneus,26,0,1,0
Sydowia polyspora,25,0,1,0
Symbiodinium sp. KB8,45,0,1,0
Symmachiella dynata,28,0,1,0
Synechococcus lacustris,0,39,0,1
Synechococcus sp. A15-24,33,0,1,0
Synechococcus sp. WH 7805,62,0,2,0
Syntrophaceae bacterium PtaB.Bin038,35,0,1,0
Talaromyces atroroseus,33,0,1,0
Taterapox virus,25,0,1,0
Teleopsis dalmanni,57,0,1,0
Temnothorax curvispinosus,49,0,1,0
Tessaracoccus sp. MC1756,28,0,1,0
Tessaracoccus sp. OH4464_COT-324,0,26,0,1
Tetracentron sinense,0,29,0,1
Thalassobacillus cyri,28,0,1,0
Thalassoglobus neptunius,33,0,1,0
Thalassoglobus polymorphus,37,0,1,0
Thalassorhabdomicrobium marinisediminis,25,0,1,0
Thalictrum thalictroides,37,0,1,0
Thauera phenolivorans,56,0,1,0
Thauera phenylacetica,35,0,1,0
Thelephora ganbajun,0,35,0,1
Thermobifida cellulosilytica,0,52,0,1
Thermobifida halotolerans,0,38,0,1
Thermocatellispora tengchongensis,0,26,0,1
Thermocrispum agreste,0,70,0,2
Thermogutta terrifontis,25,0,1,0
Thermomonas brevis,0,25,0,1
Thermomonas haemolytica,31,0,1,0
Thermomonospora umbrina,26,0,1,0
Thermostaphylospora chromogena,0,67,0,2
Theropithecus gelada,0,102,0,2
Thiobacillus denitrificans,0,27,0,1
Thiobacillus sp. 65-29,0,126,0,1
Tigriopus californicus,56,0,1,0
Tilletiaria anomala,0,26,0,1
Timema bartmani,34,0,1,0
Timema californicum,25,0,1,0
Timema cristinae,37,0,1,0
Timema douglasi,38,0,1,0
Timema genevievae,33,0,1,0
Timema monikensis,35,0,1,0
Timema poppensis,37,0,1,0
Timema shepardi,35,0,1,0
Timema tahoe,34,0,1,0
Tistlia consotensis,32,0,1,0
Tistrella mobilis,0,27,0,1
Tomitella biformata,0,37,0,1
Trachypithecus francoisi,0,122,0,2
Trametes pubescens,0,27,0,1
Treponema berlinense,25,0,1,0
Trialeurodes vaporariorum,0,51,0,1
Trichinella papuae,0,34,0,1
Trichinella pseudospiralis,0,49,0,1
Trichogramma brassicae,75,0,1,0
Trichogramma pretiosum,27,0,1,0
Trichuris suis,44,0,1,0
Trinorchestia longiramus,41,0,1,0
Tropicimonas isoalkanivorans,28,0,1,0
Trueperella pyogenes,0,37,0,1
Trueperella sp. 19M2397,0,29,0,1
Ustilaginoidea virens,29,0,1,0
Ustilago trichophora,0,26,0,1
Vanessa tameamea,30,0,1,0
Varibaculum massiliense,0,34,0,1
Variovorax sp. WS11,0,26,0,1
Veillonella parvula,0,41,0,1
Verrucomicrobia bacterium 12-59-8,0,26,0,1
Verrucomicrobia bacterium ADurb.Bin070,0,33,0,1
Verrucomicrobia bacterium ADurb.Bin118,30,0,1,0
Verrucomicrobia bacterium TMED40,31,0,1,0
Verrucomicrobiae bacterium Tous-C2TDCM,30,0,1,0
Verrucomicrobiae bacterium Tous-C4TDCM,32,0,1,0
Verrucomicrobiae bacterium Tous-C5FEB,0,28,0,1
Verrucomicrobium spinosum,37,0,1,0
Vibrio cholerae,0,64,0,2
Vibrio tasmaniensis,0,77,0,2
Vibrio vulnificus,0,101,0,2
Violaceomyces palustris,0,29,0,1
Virgibacillus indicus,43,0,1,0
Virgibacillus phasianinus,26,0,1,0
Virgibacillus siamensis,34,0,1,0
Vitiosangium sp. GDMCC 1.1324,27,0,1,0
Vollenhovia emeryi,77,0,1,0
Wasmannia auropunctata,37,0,1,0
Weissella cibaria,31,0,1,0
Winogradskyella sp. KYW1333,60,0,1,0
Wohlfahrtiimonas populi,0,31,0,1
Xanthobacter autotrophicus,0,25,0,1
Xinfangfangia humi,32,0,1,0
Xylanimonas cellulosilytica,27,0,1,0
Xylanimonas oleitrophica,35,0,1,0
Xylaria hypoxylon,27,0,1,0
Xylaria longipes,31,0,1,0
Xylaria multiplex,35,0,1,0
Xylophilus sp. Leaf220,0,53,0,1
Yersinia pestis,0,29,0,1
Yoonia vestfoldensis,34,0,1,0
Zerene cesonia,28,0,1,0
Zhaonella formicivorans,27,0,1,0
Zoogloea sp. 1C4,0,33,0,1
[Clostridium] spiroforme,29,0,1,0
[Propionibacterium] humerusii,0,28,0,1
[Pseudopropionibacterium] massiliense,0,29,0,1
actinobacterium acAMD-2,27,0,1,0
alpha proteobacterium HIMB59,62,0,2,0
alpha proteobacterium U9-1i,0,26,0,1
archaeon,30,0,1,0
bacteria symbiont BFo1 of Frankliniella occidentalis,0,340,0,1
bacterium HR40,32,0,1,0
bacterium SCGC AG-212-C10,26,0,1,0
bacterium TMED88,69,0,2,0
bacterium YEK0313,0,27,0,1
beta proteobacterium AAP51,28,0,1,0
candidate division Zixibacteria bacterium,33,0,1,0
gamma proteobacterium HIMB55,91,0,2,0
marine actinobacterium MedAcidi-G1,25,0,1,0
marine gamma proteobacterium HTCC2080,25,0,1,0
uncultured Chloroflexi bacterium,31,0,1,0
uncultured Mediterranean phage,43,0,1,0
uncultured Thermoleophilia bacterium,29,0,1,0
uncultured marine thaumarchaeote KM3_53_F08,0,25,0,1
